2018;2;ELEIÇÃO ORDINÁRIA;1;297;ELEIÇÕES GERAIS ESTADUAIS 2018;07/10/2018;E;SP;SP;SÃO PAULO;62979;CAMPOS NOVOS PAULISTA;83;4;7;DEPUTADO ESTADUAL;13666;ANDRÉ LUIZ COSTA DE OLIVEIRA;1015;250000623986;EE THEODORICO DE OLIVEIRA;PRACA SAO JOSE, 388;1
2018;2;ELEIÇÃO ORDINÁRIA;1;297;ELEIÇÕES GERAIS ESTADUAIS 2018;07/10/2018;E;SP;SP;SÃO PAULO;62979;CAMPOS NOVOS PAULISTA;83;4;7;DEPUTADO ESTADUAL;13690;LUIZ MARTINO TURCO;1015;250000624030;EE THEODORICO DE OLIVEIRA;PRACA SAO JOSE, 388;1
2018;2;ELEIÇÃO ORDINÁRIA;1;297;ELEIÇÕES GERAIS ESTADUAIS 2018;07/10/2018;E;SP;SP;SÃO PAULO;62979;CAMPOS NOVOS PAULISTA;83;4;7;DEPUTADO ESTADUAL;13813;RENATO SIMOES;1015;250000624054;EE THEODORICO DE OLIVEIRA;PRACA SAO JOSE, 388;1
2018;2;ELEIÇÃO ORDINÁRIA;1;297;ELEIÇÕES GERAIS ESTADUAIS 2018;07/10/2018;E;SP;SP;SÃO PAULO;62979;CAMPOS NOVOS PAULISTA;83;59;7;DEPUTADO ESTADUAL;11258;MARCIO APARECIDO MARTINS;1015;250000605724;EE THEODORICO DE OLIVEIRA;PRACA SAO JOSE, 388;2
2018;2;ELEIÇÃO ORDINÁRIA;1;297;ELEIÇÕES GERAIS ESTADUAIS 2018;07/10/2018;E;SP;SP;SÃO PAULO;62979;CAMPOS NOVOS PAULISTA;83;59;7;DEPUTADO ESTADUAL;13;PARTIDO DOS TRABALHADORES;1015;-3;EE THEODORICO DE OLIVEIRA;PRACA SAO JOSE, 388;1
2018;2;ELEIÇÃO ORDINÁRIA;1;297;ELEIÇÕES GERAIS ESTADUAIS 2018;07/10/2018;E;SP;SP;SÃO PAULO;62979;CAMPOS NOVOS PAULISTA;83;59;7;DEPUTADO ESTADUAL;13690;LUIZ MARTINO TURCO;1015;250000624030;EE THEODORICO DE OLIVEIRA;PRACA SAO JOSE, 388;1
2018;2;ELEIÇÃO ORDINÁRIA;1;297;ELEIÇÕES GERAIS ESTADUAIS 2018;07/10/2018;E;SP;SP;SÃO PAULO;62979;CAMPOS NOVOS PAULISTA;83;59;7;DEPUTADO ESTADUAL;13813;RENATO SIMOES;1015;250000624054;EE THEODORICO DE OLIVEIRA;PRACA SAO JOSE, 388;2
2018;2;ELEIÇÃO ORDINÁRIA;1;297;ELEIÇÕES GERAIS ESTADUAIS 2018;07/10/2018;E;SP;SP;SÃO PAULO;62979;CAMPOS NOVOS PAULISTA;83;59;7;DEPUTADO ESTADUAL;14;PARTIDO TRABALHISTA BRASILEIRO;1015;-3;EE THEODORICO DE OLIVEIRA;PRACA SAO JOSE, 388;1
2018;2;ELEIÇÃO ORDINÁRIA;1;297;ELEIÇÕES GERAIS ESTADUAIS 2018;07/10/2018;E;SP;SP;SÃO PAULO;62979;CAMPOS NOVOS PAULISTA;83;59;7;DEPUTADO ESTADUAL;14140;ANTONIO CARLOS DE CAMPOS MACHADO;1015;250000615320;EE THEODORICO DE OLIVEIRA;PRACA SAO JOSE, 388;13
2018;2;ELEIÇÃO ORDINÁRIA;1;297;ELEIÇÕES GERAIS ESTADUAIS 2018;07/10/2018;E;SP;SP;SÃO PAULO;62979;CAMPOS NOVOS PAULISTA;83;59;7;DEPUTADO ESTADUAL;14340;CAROLINE DO AMPARO CERQUEIRA;1015;250000615322;EE THEODORICO DE OLIVEIRA;PRACA SAO JOSE, 388;1
2018;2;ELEIÇÃO ORDINÁRIA;1;297;ELEIÇÕES GERAIS ESTADUAIS 2018;07/10/2018;E;SP;SP;SÃO PAULO;62979;CAMPOS NOVOS PAULISTA;83;59;7;DEPUTADO ESTADUAL;15;MOVIMENTO DEMOCRÁTICO BRASILEIRO;1015;-3;EE THEODORICO DE OLIVEIRA;PRACA SAO JOSE, 388;2
2018;2;ELEIÇÃO ORDINÁRIA;1;297;ELEIÇÕES GERAIS ESTADUAIS 2018;07/10/2018;E;SP;SP;SÃO PAULO;62979;CAMPOS NOVOS PAULISTA;83;59;7;DEPUTADO ESTADUAL;15000;JORGE LUIS CARUSO;1015;250000604064;EE THEODORICO DE OLIVEIRA;PRACA SAO JOSE, 388;4
2018;2;ELEIÇÃO ORDINÁRIA;1;297;ELEIÇÕES GERAIS ESTADUAIS 2018;07/10/2018;E;SP;SP;SÃO PAULO;62979;CAMPOS NOVOS PAULISTA;83;59;7;DEPUTADO ESTADUAL;17;PARTIDO SOCIAL LIBERAL;1015;-3;EE THEODORICO DE OLIVEIRA;PRACA SAO JOSE, 388;4
2018;2;ELEIÇÃO ORDINÁRIA;1;297;ELEIÇÕES GERAIS ESTADUAIS 2018;07/10/2018;E;SP;SP;SÃO PAULO;62979;CAMPOS NOVOS PAULISTA;83;59;7;DEPUTADO ESTADUAL;17064;DOUGLAS GARCIA BISPO DOS SANTOS;1015;250000613342;EE THEODORICO DE OLIVEIRA;PRACA SAO JOSE, 388;2
2018;2;ELEIÇÃO ORDINÁRIA;1;297;ELEIÇÕES GERAIS ESTADUAIS 2018;07/10/2018;E;SP;SP;SÃO PAULO;62979;CAMPOS NOVOS PAULISTA;83;59;7;DEPUTADO ESTADUAL;17067;OSCAR CASTELO BRANCO DE LUCA;1015;250000613419;EE THEODORICO DE OLIVEIRA;PRACA SAO JOSE, 388;2
2018;2;ELEIÇÃO ORDINÁRIA;1;297;ELEIÇÕES GERAIS ESTADUAIS 2018;07/10/2018;E;SP;SP;SÃO PAULO;62979;CAMPOS NOVOS PAULISTA;83;59;7;DEPUTADO ESTADUAL;17120;GILDEVANIO ILSO DOS SANTOS DINIZ;1015;250000613380;EE THEODORICO DE OLIVEIRA;PRACA SAO JOSE, 388;1
2018;2;ELEIÇÃO ORDINÁRIA;1;297;ELEIÇÕES GERAIS ESTADUAIS 2018;07/10/2018;E;SP;SP;SÃO PAULO;62979;CAMPOS NOVOS PAULISTA;83;59;7;DEPUTADO ESTADUAL;17317;JANAINA CONCEIÇÃO PASCHOAL;1015;250000613450;EE THEODORICO DE OLIVEIRA;PRACA SAO JOSE, 388;3
2018;2;ELEIÇÃO ORDINÁRIA;1;297;ELEIÇÕES GERAIS ESTADUAIS 2018;07/10/2018;E;SP;SP;SÃO PAULO;62979;CAMPOS NOVOS PAULISTA;83;59;7;DEPUTADO ESTADUAL;17789;MARCOS ANTONIO RIBEIRO FARTO;1015;250000613319;EE THEODORICO DE OLIVEIRA;PRACA SAO JOSE, 388;2
2018;2;ELEIÇÃO ORDINÁRIA;1;297;ELEIÇÕES GERAIS ESTADUAIS 2018;07/10/2018;E;SP;SP;SÃO PAULO;62979;CAMPOS NOVOS PAULISTA;83;59;7;DEPUTADO ESTADUAL;19200;ROBERTO FIGUEIRA MARINHO;1015;250000623850;EE THEODORICO DE OLIVEIRA;PRACA SAO JOSE, 388;1
2018;2;ELEIÇÃO ORDINÁRIA;1;297;ELEIÇÕES GERAIS ESTADUAIS 2018;07/10/2018;E;SP;SP;SÃO PAULO;62979;CAMPOS NOVOS PAULISTA;83;59;7;DEPUTADO ESTADUAL;19888;RAUL APARECIDO GONÇALVES PAULA;1015;250000623816;EE THEODORICO DE OLIVEIRA;PRACA SAO JOSE, 388;1
2018;2;ELEIÇÃO ORDINÁRIA;1;297;ELEIÇÕES GERAIS ESTADUAIS 2018;07/10/2018;E;SP;SP;SÃO PAULO;62979;CAMPOS NOVOS PAULISTA;83;59;7;DEPUTADO ESTADUAL;20777;CELSO BRAZ DO NASCIMENTO;1015;250000615340;EE THEODORICO DE OLIVEIRA;PRACA SAO JOSE, 388;1
2018;2;ELEIÇÃO ORDINÁRIA;1;297;ELEIÇÕES GERAIS ESTADUAIS 2018;07/10/2018;E;SP;SP;SÃO PAULO;62979;CAMPOS NOVOS PAULISTA;83;59;7;DEPUTADO ESTADUAL;22;PARTIDO DA REPÚBLICA;1015;-3;EE THEODORICO DE OLIVEIRA;PRACA SAO JOSE, 388;2
2018;2;ELEIÇÃO ORDINÁRIA;1;297;ELEIÇÕES GERAIS ESTADUAIS 2018;07/10/2018;E;SP;SP;SÃO PAULO;62979;CAMPOS NOVOS PAULISTA;83;59;7;DEPUTADO ESTADUAL;22055;MARCOS TADEU VILALTA;1015;250000619446;EE THEODORICO DE OLIVEIRA;PRACA SAO JOSE, 388;1
2018;2;ELEIÇÃO ORDINÁRIA;1;297;ELEIÇÕES GERAIS ESTADUAIS 2018;07/10/2018;E;SP;SP;SÃO PAULO;62979;CAMPOS NOVOS PAULISTA;83;59;7;DEPUTADO ESTADUAL;22123;RICARDO ROSSI MADALENA;1015;250000619491;EE THEODORICO DE OLIVEIRA;PRACA SAO JOSE, 388;2
2018;2;ELEIÇÃO ORDINÁRIA;1;297;ELEIÇÕES GERAIS ESTADUAIS 2018;07/10/2018;E;SP;SP;SÃO PAULO;62979;CAMPOS NOVOS PAULISTA;83;59;7;DEPUTADO ESTADUAL;22322;DANIELE MAZUQUELI ALONSO;1015;250000619512;EE THEODORICO DE OLIVEIRA;PRACA SAO JOSE, 388;2
2018;2;ELEIÇÃO ORDINÁRIA;1;297;ELEIÇÕES GERAIS ESTADUAIS 2018;07/10/2018;E;SP;SP;SÃO PAULO;62979;CAMPOS NOVOS PAULISTA;83;59;7;DEPUTADO ESTADUAL;22456;ANTONIO DIRCEU DALBEN;1015;250000619460;EE THEODORICO DE OLIVEIRA;PRACA SAO JOSE, 388;1
2018;2;ELEIÇÃO ORDINÁRIA;1;297;ELEIÇÕES GERAIS ESTADUAIS 2018;07/10/2018;E;SP;SP;SÃO PAULO;62979;CAMPOS NOVOS PAULISTA;83;59;7;DEPUTADO ESTADUAL;22599;CRISTIANY DE CASTRO;1015;250000619484;EE THEODORICO DE OLIVEIRA;PRACA SAO JOSE, 388;1
2018;2;ELEIÇÃO ORDINÁRIA;1;297;ELEIÇÕES GERAIS ESTADUAIS 2018;07/10/2018;E;SP;SP;SÃO PAULO;62979;CAMPOS NOVOS PAULISTA;83;59;7;DEPUTADO ESTADUAL;23123;DAVID ZAIA;1015;250000615361;EE THEODORICO DE OLIVEIRA;PRACA SAO JOSE, 388;5
2018;2;ELEIÇÃO ORDINÁRIA;1;297;ELEIÇÕES GERAIS ESTADUAIS 2018;07/10/2018;E;SP;SP;SÃO PAULO;62979;CAMPOS NOVOS PAULISTA;83;59;7;DEPUTADO ESTADUAL;25;DEMOCRATAS;1015;-3;EE THEODORICO DE OLIVEIRA;PRACA SAO JOSE, 388;1
2018;2;ELEIÇÃO ORDINÁRIA;1;297;ELEIÇÕES GERAIS ESTADUAIS 2018;07/10/2018;E;SP;SP;SÃO PAULO;62979;CAMPOS NOVOS PAULISTA;83;59;7;DEPUTADO ESTADUAL;25118;EDMIR JOSE ABI CHEDID;1015;250000605734;EE THEODORICO DE OLIVEIRA;PRACA SAO JOSE, 388;27
2018;2;ELEIÇÃO ORDINÁRIA;1;297;ELEIÇÕES GERAIS ESTADUAIS 2018;07/10/2018;E;SP;SP;SÃO PAULO;62979;CAMPOS NOVOS PAULISTA;83;59;7;DEPUTADO ESTADUAL;31000;PAULO JORGE MANSUR NETO;1015;250000608524;EE THEODORICO DE OLIVEIRA;PRACA SAO JOSE, 388;1
2018;2;ELEIÇÃO ORDINÁRIA;1;297;ELEIÇÕES GERAIS ESTADUAIS 2018;07/10/2018;E;SP;SP;SÃO PAULO;62979;CAMPOS NOVOS PAULISTA;83;59;7;DEPUTADO ESTADUAL;31007;LUIS FERNANDO QUINTEIRO DE SOUZA;1015;250000608503;EE THEODORICO DE OLIVEIRA;PRACA SAO JOSE, 388;67
2018;2;ELEIÇÃO ORDINÁRIA;1;297;ELEIÇÕES GERAIS ESTADUAIS 2018;07/10/2018;E;SP;SP;SÃO PAULO;62979;CAMPOS NOVOS PAULISTA;83;59;7;DEPUTADO ESTADUAL;40;PARTIDO SOCIALISTA BRASILEIRO;1015;-3;EE THEODORICO DE OLIVEIRA;PRACA SAO JOSE, 388;2
2018;2;ELEIÇÃO ORDINÁRIA;1;297;ELEIÇÕES GERAIS ESTADUAIS 2018;07/10/2018;E;SP;SP;SÃO PAULO;62979;CAMPOS NOVOS PAULISTA;83;59;7;DEPUTADO ESTADUAL;40789;VINICIUS ALMEIDA CAMARINHA;1015;250000615286;EE THEODORICO DE OLIVEIRA;PRACA SAO JOSE, 388;28
2018;2;ELEIÇÃO ORDINÁRIA;1;297;ELEIÇÕES GERAIS ESTADUAIS 2018;07/10/2018;E;SP;SP;SÃO PAULO;62979;CAMPOS NOVOS PAULISTA;83;59;7;DEPUTADO ESTADUAL;43000;FRANCISCO JARLES DA SILVA BEZERRA;1015;250000615302;EE THEODORICO DE OLIVEIRA;PRACA SAO JOSE, 388;1
2018;2;ELEIÇÃO ORDINÁRIA;1;297;ELEIÇÕES GERAIS ESTADUAIS 2018;07/10/2018;E;SP;SP;SÃO PAULO;62979;CAMPOS NOVOS PAULISTA;83;59;7;DEPUTADO ESTADUAL;43363;REINALDO DE SOUZA ALGUZ;1015;250000615314;EE THEODORICO DE OLIVEIRA;PRACA SAO JOSE, 388;3
2018;2;ELEIÇÃO ORDINÁRIA;1;297;ELEIÇÕES GERAIS ESTADUAIS 2018;07/10/2018;E;SP;SP;SÃO PAULO;62979;CAMPOS NOVOS PAULISTA;83;59;7;DEPUTADO ESTADUAL;45;PARTIDO DA SOCIAL DEMOCRACIA BRASILEIRA;1015;-3;EE THEODORICO DE OLIVEIRA;PRACA SAO JOSE, 388;1
2018;2;ELEIÇÃO ORDINÁRIA;1;297;ELEIÇÕES GERAIS ESTADUAIS 2018;07/10/2018;E;SP;SP;SÃO PAULO;62979;CAMPOS NOVOS PAULISTA;83;59;7;DEPUTADO ESTADUAL;45000;CAUE CASEIRO MACRIS;1015;250000605642;EE THEODORICO DE OLIVEIRA;PRACA SAO JOSE, 388;1
2018;2;ELEIÇÃO ORDINÁRIA;1;297;ELEIÇÕES GERAIS ESTADUAIS 2018;07/10/2018;E;SP;SP;SÃO PAULO;62979;CAMPOS NOVOS PAULISTA;83;59;7;DEPUTADO ESTADUAL;45125;MAURO BRAGATO;1015;250000605671;EE THEODORICO DE OLIVEIRA;PRACA SAO JOSE, 388;5
2018;2;ELEIÇÃO ORDINÁRIA;1;297;ELEIÇÕES GERAIS ESTADUAIS 2018;07/10/2018;E;SP;SP;SÃO PAULO;62979;CAMPOS NOVOS PAULISTA;83;59;7;DEPUTADO ESTADUAL;45151;JOSE CARLOS VAZ DE LIMA;1015;250000605645;EE THEODORICO DE OLIVEIRA;PRACA SAO JOSE, 388;2
2018;2;ELEIÇÃO ORDINÁRIA;1;297;ELEIÇÕES GERAIS ESTADUAIS 2018;07/10/2018;E;SP;SP;SÃO PAULO;62979;CAMPOS NOVOS PAULISTA;83;59;7;DEPUTADO ESTADUAL;50789;CARLOS ALBERTO GIANNASI;1015;250000601484;EE THEODORICO DE OLIVEIRA;PRACA SAO JOSE, 388;1
2018;2;ELEIÇÃO ORDINÁRIA;1;297;ELEIÇÕES GERAIS ESTADUAIS 2018;07/10/2018;E;SP;SP;SÃO PAULO;62979;CAMPOS NOVOS PAULISTA;83;59;7;DEPUTADO ESTADUAL;51700;SUELLEN SILVA ROSIM;1015;250000603023;EE THEODORICO DE OLIVEIRA;PRACA SAO JOSE, 388;1
2018;2;ELEIÇÃO ORDINÁRIA;1;297;ELEIÇÕES GERAIS ESTADUAIS 2018;07/10/2018;E;SP;SP;SÃO PAULO;62979;CAMPOS NOVOS PAULISTA;83;59;7;DEPUTADO ESTADUAL;55;PARTIDO SOCIAL DEMOCRÁTICO;1015;-3;EE THEODORICO DE OLIVEIRA;PRACA SAO JOSE, 388;1
2018;2;ELEIÇÃO ORDINÁRIA;1;297;ELEIÇÕES GERAIS ESTADUAIS 2018;07/10/2018;E;SP;SP;SÃO PAULO;62979;CAMPOS NOVOS PAULISTA;83;59;7;DEPUTADO ESTADUAL;95;VOTO BRANCO;1015;-3;EE THEODORICO DE OLIVEIRA;PRACA SAO JOSE, 388;10
2018;2;ELEIÇÃO ORDINÁRIA;1;297;ELEIÇÕES GERAIS ESTADUAIS 2018;07/10/2018;E;SP;SP;SÃO PAULO;62979;CAMPOS NOVOS PAULISTA;83;59;7;DEPUTADO ESTADUAL;96;VOTO NULO;1015;-3;EE THEODORICO DE OLIVEIRA;PRACA SAO JOSE, 388;7
2018;2;ELEIÇÃO ORDINÁRIA;1;297;ELEIÇÕES GERAIS ESTADUAIS 2018;07/10/2018;E;SP;SP;SÃO PAULO;62979;CAMPOS NOVOS PAULISTA;83;66;7;DEPUTADO ESTADUAL;10000;JORGE WILSON GONÇALVES DE MATTOS;1015;250000605703;EE THEODORICO DE OLIVEIRA;PRACA SAO JOSE, 388;2
2018;2;ELEIÇÃO ORDINÁRIA;1;297;ELEIÇÕES GERAIS ESTADUAIS 2018;07/10/2018;E;SP;SP;SÃO PAULO;62979;CAMPOS NOVOS PAULISTA;83;66;7;DEPUTADO ESTADUAL;10321;SEBASTIÃO DOS SANTOS FILHO;1015;250000605711;EE THEODORICO DE OLIVEIRA;PRACA SAO JOSE, 388;1
2018;2;ELEIÇÃO ORDINÁRIA;1;297;ELEIÇÕES GERAIS ESTADUAIS 2018;07/10/2018;E;SP;SP;SÃO PAULO;62979;CAMPOS NOVOS PAULISTA;83;66;7;DEPUTADO ESTADUAL;11190;PAULO ADRIANO LOPES LUCINDA TELHADA;1015;250000605726;EE THEODORICO DE OLIVEIRA;PRACA SAO JOSE, 388;2
2018;2;ELEIÇÃO ORDINÁRIA;1;297;ELEIÇÕES GERAIS ESTADUAIS 2018;07/10/2018;E;SP;SP;SÃO PAULO;62979;CAMPOS NOVOS PAULISTA;83;66;7;DEPUTADO ESTADUAL;11777;ANTONIO ASSUNÇÃO DE OLIM;1015;250000605718;EE THEODORICO DE OLIVEIRA;PRACA SAO JOSE, 388;1
2018;2;ELEIÇÃO ORDINÁRIA;1;297;ELEIÇÕES GERAIS ESTADUAIS 2018;07/10/2018;E;SP;SP;SÃO PAULO;62979;CAMPOS NOVOS PAULISTA;83;66;7;DEPUTADO ESTADUAL;13;PARTIDO DOS TRABALHADORES;1015;-3;EE THEODORICO DE OLIVEIRA;PRACA SAO JOSE, 388;5
2018;2;ELEIÇÃO ORDINÁRIA;1;297;ELEIÇÕES GERAIS ESTADUAIS 2018;07/10/2018;E;SP;SP;SÃO PAULO;62979;CAMPOS NOVOS PAULISTA;83;66;7;DEPUTADO ESTADUAL;13114;ENIO FRANCISCO TATTO;1015;250000624011;EE THEODORICO DE OLIVEIRA;PRACA SAO JOSE, 388;1
2018;2;ELEIÇÃO ORDINÁRIA;1;297;ELEIÇÕES GERAIS ESTADUAIS 2018;07/10/2018;E;SP;SP;SÃO PAULO;62979;CAMPOS NOVOS PAULISTA;83;66;7;DEPUTADO ESTADUAL;13813;RENATO SIMOES;1015;250000624054;EE THEODORICO DE OLIVEIRA;PRACA SAO JOSE, 388;2
2018;2;ELEIÇÃO ORDINÁRIA;1;297;ELEIÇÕES GERAIS ESTADUAIS 2018;07/10/2018;E;SP;SP;SÃO PAULO;62979;CAMPOS NOVOS PAULISTA;83;66;7;DEPUTADO ESTADUAL;14140;ANTONIO CARLOS DE CAMPOS MACHADO;1015;250000615320;EE THEODORICO DE OLIVEIRA;PRACA SAO JOSE, 388;7
2018;2;ELEIÇÃO ORDINÁRIA;1;297;ELEIÇÕES GERAIS ESTADUAIS 2018;07/10/2018;E;SP;SP;SÃO PAULO;62979;CAMPOS NOVOS PAULISTA;83;66;7;DEPUTADO ESTADUAL;15;MOVIMENTO DEMOCRÁTICO BRASILEIRO;1015;-3;EE THEODORICO DE OLIVEIRA;PRACA SAO JOSE, 388;1
2018;2;ELEIÇÃO ORDINÁRIA;1;297;ELEIÇÕES GERAIS ESTADUAIS 2018;07/10/2018;E;SP;SP;SÃO PAULO;62979;CAMPOS NOVOS PAULISTA;83;66;7;DEPUTADO ESTADUAL;15000;JORGE LUIS CARUSO;1015;250000604064;EE THEODORICO DE OLIVEIRA;PRACA SAO JOSE, 388;5
2018;2;ELEIÇÃO ORDINÁRIA;1;297;ELEIÇÕES GERAIS ESTADUAIS 2018;07/10/2018;E;SP;SP;SÃO PAULO;62979;CAMPOS NOVOS PAULISTA;83;66;7;DEPUTADO ESTADUAL;17;PARTIDO SOCIAL LIBERAL;1015;-3;EE THEODORICO DE OLIVEIRA;PRACA SAO JOSE, 388;1
2018;2;ELEIÇÃO ORDINÁRIA;1;297;ELEIÇÕES GERAIS ESTADUAIS 2018;07/10/2018;E;SP;SP;SÃO PAULO;62979;CAMPOS NOVOS PAULISTA;83;66;7;DEPUTADO ESTADUAL;17067;OSCAR CASTELO BRANCO DE LUCA;1015;250000613419;EE THEODORICO DE OLIVEIRA;PRACA SAO JOSE, 388;1
2018;2;ELEIÇÃO ORDINÁRIA;1;297;ELEIÇÕES GERAIS ESTADUAIS 2018;07/10/2018;E;SP;SP;SÃO PAULO;62979;CAMPOS NOVOS PAULISTA;83;66;7;DEPUTADO ESTADUAL;17120;GILDEVANIO ILSO DOS SANTOS DINIZ;1015;250000613380;EE THEODORICO DE OLIVEIRA;PRACA SAO JOSE, 388;1
2018;2;ELEIÇÃO ORDINÁRIA;1;297;ELEIÇÕES GERAIS ESTADUAIS 2018;07/10/2018;E;SP;SP;SÃO PAULO;62979;CAMPOS NOVOS PAULISTA;83;66;7;DEPUTADO ESTADUAL;17317;JANAINA CONCEIÇÃO PASCHOAL;1015;250000613450;EE THEODORICO DE OLIVEIRA;PRACA SAO JOSE, 388;10
2018;2;ELEIÇÃO ORDINÁRIA;1;297;ELEIÇÕES GERAIS ESTADUAIS 2018;07/10/2018;E;SP;SP;SÃO PAULO;62979;CAMPOS NOVOS PAULISTA;83;66;7;DEPUTADO ESTADUAL;17600;MARCOS FERNANDO PORTELLA FONTES;1015;250000613305;EE THEODORICO DE OLIVEIRA;PRACA SAO JOSE, 388;2
2018;2;ELEIÇÃO ORDINÁRIA;1;297;ELEIÇÕES GERAIS ESTADUAIS 2018;07/10/2018;E;SP;SP;SÃO PAULO;62979;CAMPOS NOVOS PAULISTA;83;66;7;DEPUTADO ESTADUAL;17707;MATHEUS COIMBRA MARTINS DE AGUIAR;1015;250000613418;EE THEODORICO DE OLIVEIRA;PRACA SAO JOSE, 388;1
2018;2;ELEIÇÃO ORDINÁRIA;1;297;ELEIÇÕES GERAIS ESTADUAIS 2018;07/10/2018;E;SP;SP;SÃO PAULO;62979;CAMPOS NOVOS PAULISTA;83;66;7;DEPUTADO ESTADUAL;19;PODEMOS;1015;-3;EE THEODORICO DE OLIVEIRA;PRACA SAO JOSE, 388;1
2018;2;ELEIÇÃO ORDINÁRIA;1;297;ELEIÇÕES GERAIS ESTADUAIS 2018;07/10/2018;E;SP;SP;SÃO PAULO;62979;CAMPOS NOVOS PAULISTA;83;66;7;DEPUTADO ESTADUAL;19200;ROBERTO FIGUEIRA MARINHO;1015;250000623850;EE THEODORICO DE OLIVEIRA;PRACA SAO JOSE, 388;1
2018;2;ELEIÇÃO ORDINÁRIA;1;297;ELEIÇÕES GERAIS ESTADUAIS 2018;07/10/2018;E;SP;SP;SÃO PAULO;62979;CAMPOS NOVOS PAULISTA;83;66;7;DEPUTADO ESTADUAL;19888;RAUL APARECIDO GONÇALVES PAULA;1015;250000623816;EE THEODORICO DE OLIVEIRA;PRACA SAO JOSE, 388;1
2018;2;ELEIÇÃO ORDINÁRIA;1;297;ELEIÇÕES GERAIS ESTADUAIS 2018;07/10/2018;E;SP;SP;SÃO PAULO;62979;CAMPOS NOVOS PAULISTA;83;66;7;DEPUTADO ESTADUAL;22123;RICARDO ROSSI MADALENA;1015;250000619491;EE THEODORICO DE OLIVEIRA;PRACA SAO JOSE, 388;1
2018;2;ELEIÇÃO ORDINÁRIA;1;297;ELEIÇÕES GERAIS ESTADUAIS 2018;07/10/2018;E;SP;SP;SÃO PAULO;62979;CAMPOS NOVOS PAULISTA;83;66;7;DEPUTADO ESTADUAL;22322;DANIELE MAZUQUELI ALONSO;1015;250000619512;EE THEODORICO DE OLIVEIRA;PRACA SAO JOSE, 388;4
2018;2;ELEIÇÃO ORDINÁRIA;1;297;ELEIÇÕES GERAIS ESTADUAIS 2018;07/10/2018;E;SP;SP;SÃO PAULO;62979;CAMPOS NOVOS PAULISTA;83;66;7;DEPUTADO ESTADUAL;22822;JONAS DE SOUZA CAMISA NOVA;1015;250000619427;EE THEODORICO DE OLIVEIRA;PRACA SAO JOSE, 388;3
2018;2;ELEIÇÃO ORDINÁRIA;1;297;ELEIÇÕES GERAIS ESTADUAIS 2018;07/10/2018;E;SP;SP;SÃO PAULO;62979;CAMPOS NOVOS PAULISTA;83;66;7;DEPUTADO ESTADUAL;23123;DAVID ZAIA;1015;250000615361;EE THEODORICO DE OLIVEIRA;PRACA SAO JOSE, 388;4
2018;2;ELEIÇÃO ORDINÁRIA;1;297;ELEIÇÕES GERAIS ESTADUAIS 2018;07/10/2018;E;SP;SP;SÃO PAULO;62979;CAMPOS NOVOS PAULISTA;83;66;7;DEPUTADO ESTADUAL;25111;RODRIGO AUGUSTO MORAES;1015;250000605741;EE THEODORICO DE OLIVEIRA;PRACA SAO JOSE, 388;1
2018;2;ELEIÇÃO ORDINÁRIA;1;297;ELEIÇÕES GERAIS ESTADUAIS 2018;07/10/2018;E;SP;SP;SÃO PAULO;62979;CAMPOS NOVOS PAULISTA;83;66;7;DEPUTADO ESTADUAL;25118;EDMIR JOSE ABI CHEDID;1015;250000605734;EE THEODORICO DE OLIVEIRA;PRACA SAO JOSE, 388;23
2018;2;ELEIÇÃO ORDINÁRIA;1;297;ELEIÇÕES GERAIS ESTADUAIS 2018;07/10/2018;E;SP;SP;SÃO PAULO;62979;CAMPOS NOVOS PAULISTA;83;66;7;DEPUTADO ESTADUAL;25555;ARTHUR MOLEDO DO VAL;1015;250000605731;EE THEODORICO DE OLIVEIRA;PRACA SAO JOSE, 388;2
2018;2;ELEIÇÃO ORDINÁRIA;1;297;ELEIÇÕES GERAIS ESTADUAIS 2018;07/10/2018;E;SP;SP;SÃO PAULO;62979;CAMPOS NOVOS PAULISTA;83;66;7;DEPUTADO ESTADUAL;30111;HENI OZI CUKIER;1015;250000601927;EE THEODORICO DE OLIVEIRA;PRACA SAO JOSE, 388;1
2018;2;ELEIÇÃO ORDINÁRIA;1;297;ELEIÇÕES GERAIS ESTADUAIS 2018;07/10/2018;E;SP;SP;SÃO PAULO;62979;CAMPOS NOVOS PAULISTA;83;66;7;DEPUTADO ESTADUAL;30300;DANIEL JOSÉ DA SILVA OLIVEIRA;1015;250000602005;EE THEODORICO DE OLIVEIRA;PRACA SAO JOSE, 388;1
2018;2;ELEIÇÃO ORDINÁRIA;1;297;ELEIÇÕES GERAIS ESTADUAIS 2018;07/10/2018;E;SP;SP;SÃO PAULO;62995;CANANÉIA;36;11;7;DEPUTADO ESTADUAL;17700;MANOEL BARBOSA DO NASCIMENTO;1015;250000613435;EE PROFA YOLANDA ARAUJO SILVA PAIVA;R FRANCISCO CHAVES, S/N;1
2018;2;ELEIÇÃO ORDINÁRIA;1;297;ELEIÇÕES GERAIS ESTADUAIS 2018;07/10/2018;E;SP;SP;SÃO PAULO;62995;CANANÉIA;36;11;7;DEPUTADO ESTADUAL;19200;ROBERTO FIGUEIRA MARINHO;1015;250000623850;EE PROFA YOLANDA ARAUJO SILVA PAIVA;R FRANCISCO CHAVES, S/N;1
2018;2;ELEIÇÃO ORDINÁRIA;1;297;ELEIÇÕES GERAIS ESTADUAIS 2018;07/10/2018;E;SP;SP;SÃO PAULO;62995;CANANÉIA;36;11;7;DEPUTADO ESTADUAL;19633;AMARILDO GONÇALVES;1015;250000623760;EE PROFA YOLANDA ARAUJO SILVA PAIVA;R FRANCISCO CHAVES, S/N;2
2018;2;ELEIÇÃO ORDINÁRIA;1;297;ELEIÇÕES GERAIS ESTADUAIS 2018;07/10/2018;E;SP;SP;SÃO PAULO;62995;CANANÉIA;36;11;7;DEPUTADO ESTADUAL;19800;MURILO BERBERT AVIGO FELIX;1015;250000623809;EE PROFA YOLANDA ARAUJO SILVA PAIVA;R FRANCISCO CHAVES, S/N;1
2018;2;ELEIÇÃO ORDINÁRIA;1;297;ELEIÇÕES GERAIS ESTADUAIS 2018;07/10/2018;E;SP;SP;SÃO PAULO;62995;CANANÉIA;36;11;7;DEPUTADO ESTADUAL;22;PARTIDO DA REPÚBLICA;1015;-3;EE PROFA YOLANDA ARAUJO SILVA PAIVA;R FRANCISCO CHAVES, S/N;1
2018;2;ELEIÇÃO ORDINÁRIA;1;297;ELEIÇÕES GERAIS ESTADUAIS 2018;07/10/2018;E;SP;SP;SÃO PAULO;62995;CANANÉIA;36;11;7;DEPUTADO ESTADUAL;22599;CRISTIANY DE CASTRO;1015;250000619484;EE PROFA YOLANDA ARAUJO SILVA PAIVA;R FRANCISCO CHAVES, S/N;6
2018;2;ELEIÇÃO ORDINÁRIA;1;297;ELEIÇÕES GERAIS ESTADUAIS 2018;07/10/2018;E;SP;SP;SÃO PAULO;62995;CANANÉIA;36;11;7;DEPUTADO ESTADUAL;22999;ANDRÉ LUIS DO PRADO;1015;250000619454;EE PROFA YOLANDA ARAUJO SILVA PAIVA;R FRANCISCO CHAVES, S/N;7
2018;2;ELEIÇÃO ORDINÁRIA;1;297;ELEIÇÕES GERAIS ESTADUAIS 2018;07/10/2018;E;SP;SP;SÃO PAULO;62995;CANANÉIA;36;11;7;DEPUTADO ESTADUAL;23123;DAVID ZAIA;1015;250000615361;EE PROFA YOLANDA ARAUJO SILVA PAIVA;R FRANCISCO CHAVES, S/N;2
2018;2;ELEIÇÃO ORDINÁRIA;1;297;ELEIÇÕES GERAIS ESTADUAIS 2018;07/10/2018;E;SP;SP;SÃO PAULO;62995;CANANÉIA;36;11;7;DEPUTADO ESTADUAL;23456;FERNANDO HENRIQUE CURY;1015;250000615363;EE PROFA YOLANDA ARAUJO SILVA PAIVA;R FRANCISCO CHAVES, S/N;2
2018;2;ELEIÇÃO ORDINÁRIA;1;297;ELEIÇÕES GERAIS ESTADUAIS 2018;07/10/2018;E;SP;SP;SÃO PAULO;62995;CANANÉIA;36;11;7;DEPUTADO ESTADUAL;25250;MILTON LEITE DA SILVA FILHO;1015;250000605740;EE PROFA YOLANDA ARAUJO SILVA PAIVA;R FRANCISCO CHAVES, S/N;4
2018;2;ELEIÇÃO ORDINÁRIA;1;297;ELEIÇÕES GERAIS ESTADUAIS 2018;07/10/2018;E;SP;SP;SÃO PAULO;62995;CANANÉIA;36;11;7;DEPUTADO ESTADUAL;25333;DANIEL BEZERRA RIBEIRO SOARES;1015;250000605732;EE PROFA YOLANDA ARAUJO SILVA PAIVA;R FRANCISCO CHAVES, S/N;1
2018;2;ELEIÇÃO ORDINÁRIA;1;297;ELEIÇÕES GERAIS ESTADUAIS 2018;07/10/2018;E;SP;SP;SÃO PAULO;62995;CANANÉIA;36;11;7;DEPUTADO ESTADUAL;30;PARTIDO NOVO;1015;-3;EE PROFA YOLANDA ARAUJO SILVA PAIVA;R FRANCISCO CHAVES, S/N;1
2018;2;ELEIÇÃO ORDINÁRIA;1;297;ELEIÇÕES GERAIS ESTADUAIS 2018;07/10/2018;E;SP;SP;SÃO PAULO;62995;CANANÉIA;36;11;7;DEPUTADO ESTADUAL;30111;HENI OZI CUKIER;1015;250000601927;EE PROFA YOLANDA ARAUJO SILVA PAIVA;R FRANCISCO CHAVES, S/N;1
2018;2;ELEIÇÃO ORDINÁRIA;1;297;ELEIÇÕES GERAIS ESTADUAIS 2018;07/10/2018;E;SP;SP;SÃO PAULO;62995;CANANÉIA;36;11;7;DEPUTADO ESTADUAL;40;PARTIDO SOCIALISTA BRASILEIRO;1015;-3;EE PROFA YOLANDA ARAUJO SILVA PAIVA;R FRANCISCO CHAVES, S/N;1
2018;2;ELEIÇÃO ORDINÁRIA;1;297;ELEIÇÕES GERAIS ESTADUAIS 2018;07/10/2018;E;SP;SP;SÃO PAULO;62995;CANANÉIA;36;11;7;DEPUTADO ESTADUAL;40640;CAIO FRANÇA DE GOUVEA GOMES;1015;250000615256;EE PROFA YOLANDA ARAUJO SILVA PAIVA;R FRANCISCO CHAVES, S/N;17
2018;2;ELEIÇÃO ORDINÁRIA;1;297;ELEIÇÕES GERAIS ESTADUAIS 2018;07/10/2018;E;SP;SP;SÃO PAULO;62995;CANANÉIA;36;11;7;DEPUTADO ESTADUAL;40777;ANDRÉ LUIS BUENO;1015;250000615274;EE PROFA YOLANDA ARAUJO SILVA PAIVA;R FRANCISCO CHAVES, S/N;1
2018;2;ELEIÇÃO ORDINÁRIA;1;297;ELEIÇÕES GERAIS ESTADUAIS 2018;07/10/2018;E;SP;SP;SÃO PAULO;62995;CANANÉIA;36;11;7;DEPUTADO ESTADUAL;43334;LUIS MARCELO COMERON;1015;250000615308;EE PROFA YOLANDA ARAUJO SILVA PAIVA;R FRANCISCO CHAVES, S/N;1
2018;2;ELEIÇÃO ORDINÁRIA;1;297;ELEIÇÕES GERAIS ESTADUAIS 2018;07/10/2018;E;SP;SP;SÃO PAULO;62995;CANANÉIA;36;11;7;DEPUTADO ESTADUAL;45;PARTIDO DA SOCIAL DEMOCRACIA BRASILEIRA;1015;-3;EE PROFA YOLANDA ARAUJO SILVA PAIVA;R FRANCISCO CHAVES, S/N;4
2018;2;ELEIÇÃO ORDINÁRIA;1;297;ELEIÇÕES GERAIS ESTADUAIS 2018;07/10/2018;E;SP;SP;SÃO PAULO;62995;CANANÉIA;36;11;7;DEPUTADO ESTADUAL;45005;CAROLINA FUNARI LUCIO;1015;250000605681;EE PROFA YOLANDA ARAUJO SILVA PAIVA;R FRANCISCO CHAVES, S/N;1
2018;2;ELEIÇÃO ORDINÁRIA;1;297;ELEIÇÕES GERAIS ESTADUAIS 2018;07/10/2018;E;SP;SP;SÃO PAULO;62995;CANANÉIA;36;11;7;DEPUTADO ESTADUAL;45145;GIOVANNA GUIMARÃES TRIPOLI;1015;250000605658;EE PROFA YOLANDA ARAUJO SILVA PAIVA;R FRANCISCO CHAVES, S/N;1
2018;2;ELEIÇÃO ORDINÁRIA;1;297;ELEIÇÕES GERAIS ESTADUAIS 2018;07/10/2018;E;SP;SP;SÃO PAULO;62995;CANANÉIA;36;11;7;DEPUTADO ESTADUAL;45555;CASSIO DE CASTRO NAVARRO;1015;250000605664;EE PROFA YOLANDA ARAUJO SILVA PAIVA;R FRANCISCO CHAVES, S/N;21
2018;2;ELEIÇÃO ORDINÁRIA;1;297;ELEIÇÕES GERAIS ESTADUAIS 2018;07/10/2018;E;SP;SP;SÃO PAULO;62995;CANANÉIA;36;11;7;DEPUTADO ESTADUAL;45777;CLAUDIO YUKIO MIYAKE;1015;250000605682;EE PROFA YOLANDA ARAUJO SILVA PAIVA;R FRANCISCO CHAVES, S/N;2
2018;2;ELEIÇÃO ORDINÁRIA;1;297;ELEIÇÕES GERAIS ESTADUAIS 2018;07/10/2018;E;SP;SP;SÃO PAULO;62995;CANANÉIA;36;11;7;DEPUTADO ESTADUAL;45780;MARCOS ANTONIO ZERBINI;1015;250000605648;EE PROFA YOLANDA ARAUJO SILVA PAIVA;R FRANCISCO CHAVES, S/N;2
2018;2;ELEIÇÃO ORDINÁRIA;1;297;ELEIÇÕES GERAIS ESTADUAIS 2018;07/10/2018;E;SP;SP;SÃO PAULO;62995;CANANÉIA;36;11;7;DEPUTADO ESTADUAL;45800;PAULO MATHIAS DE TARSO;1015;250000605686;EE PROFA YOLANDA ARAUJO SILVA PAIVA;R FRANCISCO CHAVES, S/N;1
2018;2;ELEIÇÃO ORDINÁRIA;1;297;ELEIÇÕES GERAIS ESTADUAIS 2018;07/10/2018;E;SP;SP;SÃO PAULO;62995;CANANÉIA;36;11;7;DEPUTADO ESTADUAL;50;PARTIDO SOCIALISMO E LIBERDADE;1015;-3;EE PROFA YOLANDA ARAUJO SILVA PAIVA;R FRANCISCO CHAVES, S/N;1
2018;2;ELEIÇÃO ORDINÁRIA;1;297;ELEIÇÕES GERAIS ESTADUAIS 2018;07/10/2018;E;SP;SP;SÃO PAULO;62995;CANANÉIA;36;11;7;DEPUTADO ESTADUAL;51;PATRIOTA;1015;-3;EE PROFA YOLANDA ARAUJO SILVA PAIVA;R FRANCISCO CHAVES, S/N;1
2018;2;ELEIÇÃO ORDINÁRIA;1;297;ELEIÇÕES GERAIS ESTADUAIS 2018;07/10/2018;E;SP;SP;SÃO PAULO;62995;CANANÉIA;36;11;7;DEPUTADO ESTADUAL;51055;EDSON FERREIRA PONTES;1015;250000602931;EE PROFA YOLANDA ARAUJO SILVA PAIVA;R FRANCISCO CHAVES, S/N;1
